[{"st_num":"20210001", "st_name":"\uac08\ud55c\uc218", "st_dept":"\uae30\uacc4\uacf5\ud559", "st_grade":2, "st_tel":"090-4407-3262", "st_addr":"\uacbd\ubd81 \uacbd\uc0b0\uc2dc \uc0ac\uc815\ub3d9 278-1"},
 {"st_num":"20210002", "st_name":"\uac15\uc774\ucc2c", "st_dept":"\uc720\uc804\uacf5\ud559", "st_grade":1, "st_tel":"090-4733-4976", "st_addr":"\uacbd\uae30\ub3c4 \ub0a8\uc591\uc8fc\uc2dc \ubcc4\ub0b4\ub3d9 192-23"},
 {"st_num":"20210003", "st_name":"\uac1c\uc6d0\ud6c8", "st_dept":"\uae30\uacc4\uacf5\ud559", "st_grade":4, "st_tel":"090-4696-8657", "st_addr":"\uad11\uc8fc\uad11\uc5ed\uc2dc \ubd81\uad6c \uc77c\uace1\ub3d9 830-1\ubc88\uc9c0 1\uce35"},
 {"st_num":"20210004", "st_name":"\uacbd\uc2dc\ud604", "st_dept":"\uad6d\uc0ac\ud559\uc804\uacf5", "st_grade":2, "st_tel":"090-2669-6066", "st_addr":"\uacbd\uae30\ub3c4 \uc774\ucc9c\uc2dc \ub9c8\uc7a5\uba74 \ubaa9\ub9ac \uc0b013-32"},
 {"st_num":"20210005", "st_name":"\uacf5\ub3d9\uc601", "st_dept":"\ubb3c\ub9ac\ud654\ud559", "st_grade":3, "st_tel":"090-4660-6621", "st_addr":"\ucda9\uccad\ubd81\ub3c4 \uc9c4\ucc9c\uad6d \uc9c4\ucc9c\uc74d \uc74d\ub0b4\ub9ac395-7"},
 {"st_num":"20210006", "st_name":"\uae30\ub300\uc5f0", "st_dept":"\uc0ac\ud559\uacfc", "st_grade":1, "st_tel":"090-3153-8403", "st_addr":"\uc778\ucc9c \uc11c\uad6c \uacbd\uc11c\ub3d9 626-8\ubc88\uc9c0"},
 {"st_num":"20210007", "st_name":"\uae30\uc6d0\ud638", "st_dept":"\uad6d\uc0ac\ud559\uc804\uacf5", "st_grade":1, "st_tel":"090-3633-6768", "st_addr":"\uc6b8\uc0b0 \ub0a8\uad6c \uc0bc\uc0b0\ub3d9 1497-1\ubc88\uc9c0 1\uce35"},
 {"st_num":"20210008", "st_name":"\uae30\uc740\uc131", "st_dept":"\uc2ec\ub9ac\ud559", "st_grade":3, "st_tel":"090-6114-7480", "st_addr":"\uacbd\uc0c1\ubd81\ub3c4 \uacbd\uc8fc\uc2dc \ucc9c\uad70\ub3d9 \uc0b0 30-1 \ube14\ub8e8\uc6d4\ub9ac\uc870\ud2b8"},
 {"st_num":"20210009", "st_name":"\ub098\ud55c\uc728", "st_dept":"\uc720\uc804\uacf5\ud559", "st_grade":1, "st_tel":"090-6819-6025", "st_addr":"\uc778\ucc9c\uad11\uc5ed\uc2dc \uc11c\uad6c \ub9c8\uc804\ub3d9 909-8 \ubc88\uc9c0"},
 {"st_num":"20210010", "st_name":"\ub0a8\ub3d9\uc608", "st_dept":"\uc601\uc5b4\uc601\ubb38", "st_grade":2, "st_tel":"090-4674-7619", "st_addr":"\uacbd\uae30\ub3c4 \uc6a9\uc778\uc2dc \uae30\ud765\uad6c \uc5b8\ub0a8\ub3d9 412-4\ubc88\uc9c0"},
 {"st_num":"20210011", "st_name":"\ub0ad\uc2dc\uc6b0", "st_dept":"\ub3d9\uc591\uc0ac\ud559\uacfc", "st_grade":3, "st_tel":"090-4918-6794", "st_addr":"\uc218\uc6d0\uc2dc \uc601\ud1b5\uad6c \uc774\uc758\ub3d9 1325-3"},
 {"st_num":"20210012", "st_name":"\ub0b4\uc138\uc6d0", "st_dept":"\uc2ec\ub9ac\ud559", "st_grade":4, "st_tel":"090-4493-8160", "st_addr":"\uc6b8\uc0b0\uad11\uc5ed\uc2dc \uc6b8\uc8fc\uad70 \uc5b8\uc591\uc74d \ub3d9\ubd80\ub9ac 166\ubc88\uc9c0"},
 {"st_num":"20210013", "st_name":"\ub1cc\uc131\uc218", "st_dept":"\uad6d\uc0ac\ud559\uc804\uacf5", "st_grade":2, "st_tel":"090-3885-8875", "st_addr":"\uc81c\uc8fc\uc2dc \uc774\ud6382\ub3d9 22\ubc88\uc9c0 S\uc911\uc559\ubcd1\uc6d0"},
 {"st_num":"20210014", "st_name":"\ub2e8\uc218\ud601", "st_dept":"\ud56d\uacf5\uacf5\ud559", "st_grade":1, "st_tel":"090-4879-3913", "st_addr":"\uacbd\uae30\ub3c4 \uae40\ud3ec\uc2dc \uc6b4\uc591\ub3d9 5705-1"},
 {"st_num":"20210015", "st_name":"\ub2f4\uc131\ubbfc", "st_dept":"\ubb3c\ub9ac\ud654\ud559", "st_grade":2, "st_tel":"090-6665-8311", "st_addr":"\uacbd\ub0a8 \uc591\uc0b0\uc2dc \ubb3c\uae08\uc74d \ud654\ud569\uae38 37\ubc88\uc9c0 (107,109,110\ud638)"},
 {"st_num":"20210016", "st_name":"\ub2f4\uc6d0\uc900", "st_dept":"\uc804\uc790\uacf5\ud559", "st_grade":2, "st_tel":"090-2855-4806", "st_addr":"\ub300\uad6c\uad11\uc5ed\uc2dc \ub3d9\uad6c \uc9c0\ubb18\ub3d9 192\ubc88\uc9c0 1F"},
 {"st_num":"20210017", "st_name":"\ub2f4\uc7a5\ud638", "st_dept":"\uc5ed\uc0ac\ubb38\ud654\ud559\uacfc", "st_grade":2, "st_tel":"090-6445-2804", "st_addr":"\uc804\ub0a8 \uad11\uc8fc\uc2dc \ubd81\uad6c \uc2e0\uc6a9\ub3d9 694\ubc88\uc9c0 \ud1a0\ub2f4\ube4c\ub529 1~2F"},
 {"st_num":"20210018", "st_name":"\ub3c5\uace0\uc608\uc900", "st_dept":"\ud56d\uacf5\uacf5\ud559", "st_grade":4, "st_tel":"090-6434-6602", "st_addr":"\uacbd\uae30\ub3c4 \ud654\uc131\uc2dc \uc11d\uc6b0\ub3d9 31-3\ubc88\uc9c0 1\uce35"},
 {"st_num":"20210019", "st_name":"\ub3c8\uc1a1\ud601", "st_dept":"\uac74\ucd95\uacf5\ud559", "st_grade":3, "st_tel":"090-5451-6104", "st_addr":"\uacbd\uae30\ub3c4 \uc218\uc6d0\uc2dc \uc601\ud1b5\uad6c \uc6d4\ub4dc\ucef5\ub85c 42\ubc88\uae38 \uad11\uad50\uc5d0\uc77c\ub9b0\uc758\ub730 1204\ub3d9 B113~B115"},
 {"st_num":"20210020", "st_name":"\ub3c8\uc7ac\ud604", "st_dept":"\uc778\uacf5\uc9c0\ub2a5 SW", "st_grade":4, "st_tel":"090-6267-8378", "st_addr":"\uac15\uc6d0\ub3c4 \ucd98\ucc9c\uc2dc \ubc31\ub839\ub3c4 156\ubc88\uc9c0 \uac15\uc6d0\ub300\ubcd1\uc6d0 1F"},
 {"st_num":"20210021", "st_name":"\ub450\ub3d9\ud658", "st_dept":"\uc778\uacf5\uc9c0\ub2a5 SW", "st_grade":4, "st_tel":"090-5620-4275", "st_addr":"\uc778\ucc9c\uc2dc \ub0a8\ub3d9\uad6c \ub17c\ud604\ub3d9 637-2\ubc88\uc9c0 \ucf54\uc544\ub8e8\ud30c\ud06c 1F?"},
 {"st_num":"20210022", "st_name":"\ub450\ucc44\ud6c8", "st_dept":"\uad6d\uc0ac\ud559", "st_grade":2, "st_tel":"090-6566-7227", "st_addr":"\uc778\ucc9c\uc2dc \ub0a8\ub3d9\uad6c \ub17c\ud604\ub3d9 679-3"},
 {"st_num":"20210023", "st_name":"\uba85\uc724\uc77c", "st_dept":"\uc5ed\uc0ac\ubb38\ud654\ud559\ubd80", "st_grade":2, "st_tel":"090-2645-7606", "st_addr":"\uacbd\uae30\ub3c4 \uc548\uc131\uc2dc \uc6d0\uace1\uba74 \uc0b0\ud558\ub9ac \uc0b0 68-7"},
 {"st_num":"20210024", "st_name":"\ubaa8\uc7ac\uc6d0", "st_dept":"\uc2ec\ub9ac\ud559", "st_grade":3, "st_tel":"090-5009-5550", "st_addr":"\uacbd\ub0a8 \uae40\ud574\uc2dc \uc5b4\ubc29\ub3d9 1088-7"},
 {"st_num":"20210025", "st_name":"\ubb38\uc740\uc9c4", "st_dept":"\uc5ed\uc0ac\ubb38\ud654\ud559\uacfc", "st_grade":1, "st_tel":"090-4786-4279", "st_addr":"\uac15\uc6d0\ub3c4 \uc18d\ucd08\uc2dc \ub300\ud3ec\ub3d9 956-5"},
 {"st_num":"20210026", "st_name":"\ubc15\uc218\ud601", "st_dept":"\uc0c1\ub2f4\ud559", "st_grade":3, "st_tel":"090-8753-6349", "st_addr":"\uacbd\ubd81 \uc601\ucc9c\uc2dc \ubb38\uc678\ub3d9 38-3\ubc881,2F"},
 {"st_num":"20210027", "st_name":"\ubc29\uc724\ud6c4", "st_dept":"\uad6d\uc0ac\ud559\uc804\uacf5", "st_grade":2, "st_tel":"090-3885-8793", "st_addr":"\uc11c\uc6b8\uc2dc \uad6c\ub85c\uad6c \uad6c\ub85c\ub3d9 3-35\ubc88\uc9c0 1F"},
 {"st_num":"20210028", "st_name":"\ubc29\ucc44\ud638", "st_dept":"\uc720\uc804\uacf5\ud559", "st_grade":3, "st_tel":"090-7725-8377", "st_addr":"\uac15\uc6d0\ub3c4 \ub3d9\ud574\uc2dc \ucc9c\uace1\ub3d9 1077-3"},
 {"st_num":"20210029", "st_name":"\ubc30\uc138\uc900", "st_dept":"\uc720\uc804\uacf5\ud559", "st_grade":2, "st_tel":"090-6839-7498", "st_addr":"\ub300\uad6c \uc218\uc131\uad6c \uc218\uc1313\uac00 322-1\ubc88\uc9c0"},
 {"st_num":"20210030", "st_name":"\ubc30\ucc44\ud638", "st_dept":"\uac74\ucd95\uacf5\ud559", "st_grade":3, "st_tel":"090-8079-7869", "st_addr":"\uc6b8\uc0b0\uc2dc \uc6b8\uc8fc\uad70 \uc11c\uc0dd\uba74 \uac04\uc808\uacf6\ud574\uc548\uae38 205 \uc6b8\uc8fc\uad70\ud2b9\uc0b0\ubb3c\ud310\ub9e4\uc7a5 2F"},
 {"st_num":"20210031", "st_name":"\ubcc0\uc7ac\ud638", "st_dept":"\ucef4\ud4e8\ud130\uacf5\ud559", "st_grade":1, "st_tel":"090-6930-3705", "st_addr":"\uac70\uc81c\uc2dc \uc7a5\uc2b9\ud3ec\ub3d9 702-4"},
 {"st_num":"20210032", "st_name":"\ubcf5\uc7ac\ubbfc", "st_dept":"\uc0ac\ud559\uacfc", "st_grade":1, "st_tel":"090-7999-7279", "st_addr":"\uacbd\uae30\ub3c4 \uc774\ucc9c\uc2dc \ucc3d\uc804\ub3d9 166-13\ubc88\uc9c0"},
 {"st_num":"20210033", "st_name":"\ubcf5\uc900\uc644", "st_dept":"\uc5ed\uc0ac\ubb38\ud654\ud559\uacfc", "st_grade":1, "st_tel":"090-4801-3270", "st_addr":"\uacbd\ub0a8 \ubc00\uc591\uc2dc \ub0b4\uc77c\ub3d9 649-7\ub2e4\ubcf5\ube4c\ub529 1,2F"},
 {"st_num":"20210034", "st_name":"\ube44\ud604\ud638", "st_dept":"\uc0c1\ub2f4\ud559", "st_grade":2, "st_tel":"090-7747-5180", "st_addr":"\uacbd\uae30\ub3c4 \ud30c\uc8fc\uc2dc \ubb38\uc0b0\uc74d \ubb38\uc0b0\ub9ac 61-35\ubc88\uc9c0 1,2F"},
 {"st_num":"20210035", "st_name":"\ube48\uc131\ud76c", "st_dept":"\uc790\uc5f0\uacfc\ud559", "st_grade":1, "st_tel":"090-7389-6050", "st_addr":"\ucda9\ubd81 \uc99d\ud3c9\uad70 \uc99d\ud3c9\uc74d \ucc3d\ub3d9\ub9ac 65\ubc88\uc9c0"},
 {"st_num":"20210036", "st_name":"\uc0ac\uc131\uc900", "st_dept":"\ubb3c\ub9ac\ud654\ud559", "st_grade":3, "st_tel":"090-4236-8632", "st_addr":"\uc81c\uc8fc\uc2dc \uc5f0\ub3d9 1482\ubc88\uc9c0 1\uce35"},
 {"st_num":"20210037", "st_name":"\uc0ac\uc6d0\ud601", "st_dept":"\uc77c\uc5b4\uc77c\ubb38", "st_grade":4, "st_tel":"090-7803-7980", "st_addr":"\uc6b8\uc0b0\uc2dc \ub0a8\uad6c \uc625\ub3d9 143-12"},
 {"st_num":"20210038", "st_name":"\uc0ac\uc6d0\ud638", "st_dept":"\uc0ac\ud559\uacfc", "st_grade":3, "st_tel":"090-2550-6900", "st_addr":"\uac15\uc6d0\ub3c4 \uc18d\ucd08\uc2dc \uc911\uc559\ub85c 150-1"},
 {"st_num":"20210039", "st_name":"\uc0bc\uc724\ud6c4", "st_dept":"\ubb3c\ub9ac\ud654\ud559", "st_grade":3, "st_tel":"090-8892-6166", "st_addr":"\uc804\ub0a8 \ub098\uc8fc\uc2dc \ub300\ud638\ub3d9 1029-2"},
 {"st_num":"20210040", "st_name":"\uc0bc\ucc2c\ud6c4", "st_dept":"\uac74\ucd95\uacf5\ud559", "st_grade":2, "st_tel":"090-8121-6030", "st_addr":"\uacbd\ubd81 \uad6c\ubbf8\uc2dc \uc625\uacc4\ub3d9 840\ubc88\uc9c0 \uacbd\ubd81\ud504\ub77c\uc790 1\uce35"},
 {"st_num":"20210041", "st_name":"\uc11d\uc11c\ud6c8", "st_dept":"\uc5ed\uc0ac\ubb38\ud654\ud559\uacfc", "st_grade":2, "st_tel":"090-4735-8521", "st_addr":"\uacbd\uae30\ub3c4 \uc774\ucc9c\uc2dc \uc2e0\ub454\uba74 \uc6a9\uba74\ub9ac"},
 {"st_num":"20210042", "st_name":"\uc131\uc131\uc728", "st_dept":"\uc778\uacf5\uc9c0\ub2a5 SW", "st_grade":2, "st_tel":"090-4281-8070", "st_addr":"\ucda9\ubd81 \ucda9\uc8fc\uc2dc \uac00\uae08\uba74 \uc6a9\uc804\ub9ac"},
 {"st_num":"20210043", "st_name":"\uc18c\ub300\uad8c", "st_dept":"\uac74\ucd95\uacf5\ud559", "st_grade":4, "st_tel":"090-3432-3377", "st_addr":"\uc81c\uc8fc\ud2b9\ubcc4\uc790\uce58\ub3c4 \uc11c\uadc0\ud3ec\uc2dc \ub300\uc815\uc74d \uc0c1\ubaa8\ub9ac 133-8 \ubc88\uc9c0\uc6781\ud544\uc9c0"},
 {"st_num":"20210044", "st_name":"\uc18c\uc724\uc218", "st_dept":"\uc77c\uc5b4\uc77c\ubb38", "st_grade":2, "st_tel":"090-2024-3706", "st_addr":"\uacbd\uae30\ub3c4 \ud30c\uc8fc\uc2dc \uae08\ucd0c\ub3d9 987-6\ubc88\uc9c0 \ud61c\uc778\ube4c\ub529 1\uce35"},
 {"st_num":"20210045", "st_name":"\uc21c\ub300\uc601", "st_dept":"\ubb3c\ub9ac\ud654\ud559", "st_grade":3, "st_tel":"090-8062-2176", "st_addr":"\uc81c\uc8fc \uacf5\ud56d\ub85c 2\uac00 \uc5ec\uac1d\uccad\uc0ac 1\uce35 1\ubc88 \ub300\ud569\uc2e4"},
 {"st_num":"20210046", "st_name":"\uc2e0\ucc2c\uc601", "st_dept":"\uad6d\uc0ac\ud559\uacfc", "st_grade":2, "st_tel":"090-6968-2306", "st_addr":"\uc11c\uc6b8\uc2dc \uac15\uc11c\uad6c \ud654\uace1\ub3d9 1006-9"},
 {"st_num":"20210047", "st_name":"\uc2ec\uc7a5\ud638", "st_dept":"\uae30\uacc4\uacf5\ud559", "st_grade":3, "st_tel":"090-4269-3660", "st_addr":"\uc11c\uc6b8\uc2dc \uac15\uc11c\uad6c \uac00\uc591\ub3d9 1479-9"},
 {"st_num":"20210048", "st_name":"\uc544\ub3d9\uc740", "st_dept":"\uac74\ucd95\uacf5\ud559", "st_grade":2, "st_tel":"090-8824-3371", "st_addr":"\uc778\ucc9c\uc2dc \uc11c\uad6c \uac80\uc554\ub3d9 606-7"},
 {"st_num":"20210049", "st_name":"\uc57c\uc720\uc2e0", "st_dept":"\ub3d9\uc591\uc0ac\ud559\uacfc", "st_grade":4, "st_tel":"090-5028-4236", "st_addr":"\uacbd\uae30\ub3c4 \ud654\uc131\uc2dc \ub2a5\ub3d9 445-2\uc678 10\ud544\uc9c0"},
 {"st_num":"20210050", "st_name":"\uc591\ub3d9\uc778", "st_dept":"\ubb3c\ub9ac\ud654\ud559", "st_grade":3, "st_tel":"090-7649-3582", "st_addr":"\uacbd\uae30\ub3c4 \uace0\uc591\uc2dc \uc77c\uc0b0\ub3d9\uad6c \uc7a5\ud56d\ub3d9 868 \uc6e8\uc2a4\ud134\ub3d4 B\ub3d9 108\ud638, 208\ud638"},
 {"st_num":"20210051", "st_name":"\uc591\uc740\uc131", "st_dept":"\ub3d9\uc591\uc0ac\ud559\uacfc", "st_grade":4, "st_tel":"090-6743-3463", "st_addr":"\uc11c\uc6b8\uc2dc \uad00\uc545\uad6c \uc2e0\ub9bc\ub3d9 1640-3 2,3,4F"},
 {"st_num":"20210052", "st_name":"\uc5b4\ubbfc\uae30", "st_dept":"\uc77c\uc5b4\uc77c\ubb38", "st_grade":4, "st_tel":"090-3934-3909", "st_addr":"\uacbd\uae30\ub3c4 \uc591\ud3c9\uad70 \uc591\ud3c9\uc74d \uc591\uadfc\ub9ac 201-15"},
 {"st_num":"20210053", "st_name":"\uc5c4\uc740\uc9c4", "st_dept":"\uc5ed\uc0ac\ubb38\ud654\ud559\uacfc", "st_grade":1, "st_tel":"090-7457-7904", "st_addr":"\ub300\uad6c\uc2dc \ub3d9\uad6c \uc728\ud558\ub3d9 1223"},
 {"st_num":"20210054", "st_name":"\uc5ec\ub3d9\uc740", "st_dept":"\uc804\uc790\uacf5\ud559", "st_grade":4, "st_tel":"090-5718-5955", "st_addr":"\uc804\ubd81 \ubd80\uc548\uad70 \ubcc0\uc0b0\uba74 \uaca9\ud3ec\ub9ac 290-1 \ucc44\uc11d\uac15 \uad6d\ub9bd\uacf5\uc6d0 \ub0b4 \ubc14\ub2e4\ud638\ud154 1\uce35"},
 {"st_num":"20210055", "st_name":"\uc5ec\ubbfc\uad6d", "st_dept":"\uae30\uacc4\uacf5\ud559", "st_grade":2, "st_tel":"090-3616-5665", "st_addr":"\uac15\uc6d0\ub3c4 \uc6d0\uc8fc\uc2dc \ud589\uad6c\ub3d9 1847-3"},
 {"st_num":"20210056", "st_name":"\uc5f0\uc5f0\uc7ac", "st_dept":"\ubb3c\ub9ac\ud654\ud559", "st_grade":1, "st_tel":"090-3242-8364", "st_addr":"\ucda9\ub0a8 \uc544\uc0b0\uc2dc \ubc30\ubc29\uc74d \ubcf5\uc218\ub9ac 1019"},
 {"st_num":"20210057", "st_name":"\uc625\uc6d0\uc900", "st_dept":"\ucef4\ud4e8\ud130\uacf5\ud559", "st_grade":1, "st_tel":"090-3151-2527", "st_addr":"\uc6b8\uc0b0\uc2dc \ub3d9\uad6c \uc11c\ubd80\ub3d9 113-48"},
 {"st_num":"20210058", "st_name":"\uc625\ucc44\ud6c8", "st_dept":"\uc804\uc790\uacf5\ud559", "st_grade":2, "st_tel":"090-3752-8845", "st_addr":"\uacbd\uae30\ub3c4 \ud654\uc131\uc2dc \ubd09\ub2f4\uc74d \ub3d9\ud654\ub9ac 113-1\ubc88\uc9c0"},
 {"st_num":"20210059", "st_name":"\uc639\ud6a8\uc131", "st_dept":"\uc778\uacf5\uc9c0\ub2a5 SW", "st_grade":4, "st_tel":"090-4898-3637", "st_addr":"\uacbd\ub0a8 \ucc3d\uc6d0\uc2dc \ub300\ubc29\ub3d9 \uc790\uc591\ub85c 136"},
 {"st_num":"20210060", "st_name":"\uc6b4\uc724\ud0dc", "st_dept":"\uac74\ucd95\uacf5\ud559", "st_grade":2, "st_tel":"090-3301-4952", "st_addr":"\uc11c\uc6b8\uc2dc \ub3c4\ubd09\uad6c \uc30d\ubb38\ub3d9 45-8 1F"},
 {"st_num":"20210061", "st_name":"\uc6d0\uc131\ube48", "st_dept":"\uc2ec\ub9ac\ud559", "st_grade":4, "st_tel":"090-5797-4124", "st_addr":"\uacbd\ub0a8 \ucc3d\uc6d0\uc2dc \uc9c4\ud574\uad6c \uc774\ub3d9 464-2\ubc88\uc9c0 1\uce35"},
 {"st_num":"20210062", "st_name":"\uc720\ubbfc\uad6d", "st_dept":"\uad6d\uc5b4\uad6d\ubb38", "st_grade":4, "st_tel":"090-4602-3320", "st_addr":"\uc778\ucc9c\uc2dc \uc5f0\uc218\uad6c \ub3d9\ucd98\ub3d9 926\ubc88\uc9c0 1\uce35"},
 {"st_num":"20210063", "st_name":"\uc720\uc131\uc728", "st_dept":"\uace0\uace0\ud559\uacfc", "st_grade":2, "st_tel":"090-7290-7486", "st_addr":"\uacbd\ubd81 \uacbd\uc8fc\uc2dc \uc131\uac74\ub3d9 684-9\ubc88\uc9c0 1\uce35"},
 {"st_num":"20210064", "st_name":"\uc720\uc900\ud638", "st_dept":"\uc5ed\uc0ac\ubb38\ud654\ud559\ubd80", "st_grade":2, "st_tel":"090-4924-7920", "st_addr":"\uc804\ub0a8 \uad6c\ub840\uad70 \uc0b0\ub3d9\uba74 \uc88c\uc0ac\ub9ac 110-1"},
 {"st_num":"20210065", "st_name":"\uc740\ucc44\ud601", "st_dept":"\uc601\uc5b4\uc601\ubb38", "st_grade":4, "st_tel":"090-8743-7153", "st_addr":"\uc11c\uc6b8\uc2dc \uac15\ubd81\uad6c \ubbf8\uc544\ub3d9 838-4\ubc88\uc9c0"},
 {"st_num":"20210066", "st_name":"\uc740\ud604\uc900", "st_dept":"\ucef4\ud4e8\ud130\uacf5\ud559", "st_grade":1, "st_tel":"090-2296-2336", "st_addr":"\uacbd\uae30\ub3c4 \uc131\ub0a8\uc2dc \ubd84\ub2f9\uad6c \uc0bc\ud3c9\ub3d9 741"},
 {"st_num":"20210067", "st_name":"\uc774\uc724\uc9c4", "st_dept":"\uc77c\uc5b4\uc77c\ubb38", "st_grade":1, "st_tel":"090-4475-5253", "st_addr":"\uacbd\ub0a8 \uae40\ud574\uc2dc \uc7a5\uc720\uba74 \uad00\ub3d9\ub9ac 1101-1\ubc88\uc9c0"},
 {"st_num":"20210068", "st_name":"\uc804\ub3d9\uc6d0", "st_dept":"\ucef4\ud4e8\ud130\uacf5\ud559", "st_grade":2, "st_tel":"090-8571-2476", "st_addr":"\uacbd\uae30\ub3c4 \uacfc\ucc9c\uc2dc \ub9c9\uacc4\ub3d9 33 \uc11c\uc6b8\ub79c\ub4dc \uc815\ubb38"},
 {"st_num":"20210069", "st_name":"\uc810\uc7ac\ubbfc", "st_dept":"\uac74\ucd95\uacf5\ud559", "st_grade":4, "st_tel":"090-3113-2449", "st_addr":"\ucda9\ub0a8 \uc544\uc0b0\uc2dc \ubc30\ubc29\uc74d \uc7a5\ub798\ub9ac 1760 1\uce35"},
 {"st_num":"20210070", "st_name":"\uc81c\uac08\ub3d9\uc5f0", "st_dept":"\uc778\uacf5\uc9c0\ub2a5 SW", "st_grade":3, "st_tel":"090-4227-7958", "st_addr":"\uad11\uc8fc\uc2dc \uc11c\uad6c \uce58\ud3c9\ub3d9 1223-3.4"},
 {"st_num":"20210071", "st_name":"\uc81c\ub3d9\ud76c", "st_dept":"\uc77c\uc5b4\uc77c\ubb38", "st_grade":4, "st_tel":"090-3610-5611", "st_addr":"\uacbd\uae30\ub3c4 \ud30c\uc8fc\uc2dc \ub3d9\ud328\ub3d9 56 \ud615\uc131\ud504\ub77c\uc790 1\uce35 113\ud638"},
 {"st_num":"20210072", "st_name":"\uc81c\ubbfc\uae30", "st_dept":"\uc778\uacf5\uc9c0\ub2a5 SW", "st_grade":4, "st_tel":"090-2960-5373", "st_addr":"\uacbd\uae30\ub3c4 \uc77c\uc0b0\uc2dc \uc11c\uad6c \ub300\ud654\ub3d9 2606"},
 {"st_num":"20210073", "st_name":"\uc81c\uc601\ud6c4", "st_dept":"\uad6d\uc5b4\uad6d\ubb38", "st_grade":3, "st_tel":"090-5476-2730", "st_addr":"\uad11\uc8fc\uc2dc \ub0a8\uad6c \uc9c4\uc6d4\ub3d9 259\ubc88\uc9c0"},
 {"st_num":"20210074", "st_name":"\uc81c\uc720\uc0c1", "st_dept":"\uc790\ub3d9\ucc28\uacf5\ud559", "st_grade":4, "st_tel":"090-3087-3175", "st_addr":"\ubd80\uc0b0\uc2dc \ub3d9\ub798\uad6c \uba85\ub95c\ub3d9 569-12"},
 {"st_num":"20210075", "st_name":"\uc9c0\uc2b9\ud604", "st_dept":"\uc6b0\uc8fc\ud56d\uacf5\ud559", "st_grade":2, "st_tel":"090-3239-3345", "st_addr":"\uc804\ubd81 \uae40\uc81c\uc2dc \uac80\uc0b0\ub3d9 844"},
 {"st_num":"20210076", "st_name":"\uc9c4\ub300\uc6d0", "st_dept":"\uad6d\uc0ac\ud559", "st_grade":3, "st_tel":"090-6045-3539", "st_addr":"\uacbd\uae30\ub3c4 \uc6a9\uc778\uc2dc \ucc98\uc778\uad6c \uae40\ub7c9\uc7a5\ub3d9 23-1\ubc88\uc9c0 \uc6a9\uc778\ud130\ubbf8\ub110 \ub0b4"},
 {"st_num":"20210077", "st_name":"\uc9c4\ub300\uc724", "st_dept":"\uac74\ucd95\uacf5\ud559", "st_grade":4, "st_tel":"090-5239-7681", "st_addr":"\ucda9\ub0a8 \ucc9c\uc548\uc2dc \uc11d\ubd81\uad6c \ubc31\uc11d\ub3d9 878\ubc88\uc9c0 1F"},
 {"st_num":"20210078", "st_name":"\uc9c4\ub3d9\ud61c", "st_dept":"\uc804\uae30\uacf5\ud559", "st_grade":4, "st_tel":"090-5759-6824", "st_addr":"\uacbd\uae30\ub3c4 \uc218\uc6d0\uc2dc \uad8c\uc120\uad6c \uae08\uace1\ub3d9 572-5"},
 {"st_num":"20210079", "st_name":"\uc9c4\uc2b9\uc6b0", "st_dept":"\uc0ac\ud559\uacfc", "st_grade":3, "st_tel":"090-6443-8711", "st_addr":"\uc11c\uc6b8\uc2dc \uc601\ub4f1\ud3ec\uad6c \uc5ec\uc758\ub3c4\ub3d9 23\ubc88\uc9c0 ifc\ubab0 \uad6d\uc81c\uae08\uc735\uc13c\ud130"},
 {"st_num":"20210080", "st_name":"\uc9c4\uc2b9\uc77c", "st_dept":"\uc601\uc5b4\uc601\ubb38", "st_grade":1, "st_tel":"090-8241-7728", "st_addr":"\uac15\uc6d0\ub3c4 \uc6d0\uc8fc\uc2dc \ubb38\ub9c9\uc74d \ub3d9\ud654\ub9ac 113\ubc88\uc9c0"},
 {"st_num":"20210081", "st_name":"\uc9c4\uc2b9\ud658", "st_dept":"\uace0\uace0\ud559\uacfc", "st_grade":1, "st_tel":"090-8351-4472", "st_addr":"\uc11c\uc6b8\uc2dc \uad11\uc9c4\uad6c \uad6c\uc758\ub3d9 611\ubc88\uc9c0 \uac15\ubcc0\uc0c1\uac001,2\uce35"},
 {"st_num":"20210082", "st_name":"\ucd08\uc2dc\ubbfc", "st_dept":"\uc790\ub3d9\ucc28\uacf5\ud559", "st_grade":1, "st_tel":"090-5459-5325", "st_addr":"\ucda9\ub0a8 \uacf5\uc8fc\uc2dc \uc911\ub3d9 67-3\ubc88\uc9c0 1,2F"},
 {"st_num":"20210083", "st_name":"\ucd08\uc6d0\ud601", "st_dept":"\uc804\uae30\uacf5\ud559", "st_grade":2, "st_tel":"090-5295-7970", "st_addr":"\uc778\ucc9c\uc2dc \uc11c\uad6c \ub9c8\uc804\ub3d9 621-5"},
 {"st_num":"20210084", "st_name":"\ucd08\uc7ac\ud604", "st_dept":"\uc601\uc5b4\uc601\ubb38", "st_grade":1, "st_tel":"090-6974-5154", "st_addr":"\uc6b8\uc0b0\uc2dc \ub3d9\uad6c \uc11c\ubd80\ub3d9 315-34 2/3\uce35"},
 {"st_num":"20210085", "st_name":"\ucd5c\uc7a5\ud604", "st_dept":"\uc77c\uc5b4\uc77c\ubb38", "st_grade":2, "st_tel":"090-2160-6861", "st_addr":"\uacbd\uae30\ub3c4 \uc218\uc6d0\uc2dc \ucc9c\ucc9c\ub3d9 528-1"},
 {"st_num":"20210086", "st_name":"\ucd98\ub300\uad8c", "st_dept":"\uac74\ucd95\uacf5\ud559", "st_grade":2, "st_tel":"090-4708-5819", "st_addr":"\ucda9\ub0a8 \uacf5\uc8fc\uc2dc \uc2e0\uad00\ub3d9 191-7\ubc88\uc9c0"},
 {"st_num":"20210087", "st_name":"\ucd98\uc778\uaddc", "st_dept":"\uac74\ucd95\uacf5\ud559", "st_grade":2, "st_tel":"090-6264-7241", "st_addr":"\uacbd\uae30\ub3c4 \uc548\uc0b0\uc2dc \uc0c1\ub85d\uad6c \ubcf8\uc624\ub3d9 874-11"},
 {"st_num":"20210088", "st_name":"\ucd98\ucc2c\uc601", "st_dept":"\uc0c1\ub2f4\ud559", "st_grade":2, "st_tel":"090-8016-7007", "st_addr":"\ucda9\ub0a8 \uc544\uc0b0\uc2dc \ud0d5\uc815\uba74 \uba85\uc554\ub9ac 931-1"},
 {"st_num":"20210089", "st_name":"\ud310\ud55c\uc218", "st_dept":"\uc720\uc804\uacf5\ud559", "st_grade":4, "st_tel":"090-2971-8476", "st_addr":"\ub300\uc804\uc2dc \uc11c\uad6c \ub3c4\uc548\ub3d9 963\ubc88\uc9c0"},
 {"st_num":"20210090", "st_name":"\ud3c9\uc724\uc12d", "st_dept":"\uc601\uc5b4\uc601\ubb38", "st_grade":4, "st_tel":"090-7581-2785", "st_addr":"\uc804\ub0a8 \uc5ec\uc218\uc2dc \uc885\ud654\ub3d9 470"},
 {"st_num":"20210091", "st_name":"\ud48d\ub3d9\ud574", "st_dept":"\uc0ac\ud559\uacfc", "st_grade":1, "st_tel":"090-7800-5242", "st_addr":"\uc778\ucc9c\uc2dc \uc1a1\ub3c4 \ucee4\ub12c\uc6cc\ud06c 3\ub3d9 1\uce35 156\ud638"},
 {"st_num":"20210092", "st_name":"\ud53c\ud0dc\uc601", "st_dept":"\uc5ed\uc0ac\ubb38\ud654\ud559\uacfc", "st_grade":4, "st_tel":"090-6252-4861", "st_addr":"\uc6b8\uc0b0\uc2dc \uc911\uad6c \ud0dc\ud654\ub3d9 593-17"},
 {"st_num":"20210093", "st_name":"\ud544\uc601\ud6c4", "st_dept":"\uc804\uc790\uacf5\ud559", "st_grade":2, "st_tel":"090-6019-4506", "st_addr":"\uacbd\uae30\ub3c4 \uace0\uc591\uc2dc \uc77c\uc0b0\uad6c \uc8fc\uc5fd2\ub3d9 22\ubc88\uc9c0 \uc9c0\ud5582\uce35"},
 {"st_num":"20210094", "st_name":"\ud558\uc7ac\ucc2c", "st_dept":"\uc790\uc5f0\uacfc\ud559", "st_grade":1, "st_tel":"090-7850-3152", "st_addr":"\uacbd\uae30\ub3c4 \uc6a9\uc778\uc2dc \uae30\ud765\uad6c \ubcf4\ub77c\ub3d9 579-2"},
 {"st_num":"20210095", "st_name":"\ud568\ubbfc\uc11c", "st_dept":"\ud56d\uacf5\uacf5\ud559", "st_grade":3, "st_tel":"090-3335-5845", "st_addr":"\ubd80\uc0b0\uc2dc \ud574\uc6b4\ub300\uad6c \uc88c\ub3d9 1270-5 103\ud638"},
 {"st_num":"20210096", "st_name":"\ud574\uc1a1\ud601", "st_dept":"\uc0c1\ub2f4\ud559", "st_grade":4, "st_tel":"090-6823-5528", "st_addr":"\uacbd\ubd81 \uacbd\uc8fc\uc2dc \ucc9c\uad70\ub3d9 206-3"},
 {"st_num":"20210097", "st_name":"\ud5c8\uc2dc\ud6c4", "st_dept":"\uc790\ub3d9\ucc28\uacf5\ud559", "st_grade":1, "st_tel":"090-3230-8481", "st_addr":"\uacbd\uae30\ub3c4 \ub0a8\uc591\uc8fc\uc2dc \ubcc4\ub0b4\uba74 \ud654\uc810\ub9ac 58-65"},
 {"st_num":"20210098", "st_name":"\ud669\uc6d0\ud601", "st_dept":"\uac74\ucd95\uacf5\ud559", "st_grade":1, "st_tel":"090-5872-7618", "st_addr":"\ucda9\ub0a8 \ucc9c\uc548\uc2dc \ubd88\ub2f9\ub3d9 \uc544\uc0b0\uc2e0\ub3c4\uc2dc \ud39c\ud0c0\ud3ec\ud2b8\uc810 B2"},
 {"st_num":"20210099", "st_name":"\ud765\ub3d9\ud604", "st_dept":"\uace0\uace0\ud559\uacfc", "st_grade":3, "st_tel":"090-7681-7632", "st_addr":"\ubd80\uc0b0\uc2dc \uc5f0\uc81c\uad6c \uc5f0\uc0b0\ub3d9728-1\ubc88\uc9c0 1,2,3\uce35"},
 {"st_num":"20210100", "st_name":"\ud765\uc740\uc131", "st_dept":"\uc790\ub3d9\ucc28\uacf5\ud559", "st_grade":4, "st_tel":"090-8955-5687", "st_addr":"\uacbd\uae30\ub3c4 \uac00\ud3c9\uad70 \uccad\ud3c9\uba74 \ub300\uc131\ub9ac 399-103"}]