[{"sb_code":"", "sb_name":"\uc815\ubcf4", "sb_prof":""},
 {"sb_code":"S001", "sb_name":"\uad6d\uc5b4", "sb_prof":""},
 {"sb_code":"S002", "sb_name":"\uc601\uc5b4", "sb_prof":""},
 {"sb_code":"S003", "sb_name":"\uc218\ud559", "sb_prof":""},
 {"sb_code":"S004", "sb_name":"\uc74c\uc545", "sb_prof":""},
 {"sb_code":"S005", "sb_name":"\uacfc\ud559", "sb_prof":""},
 {"sb_code":"S006", "sb_name":"\uacfc\ud559", "sb_prof":""},
 {"sb_code":"S007", "sb_name":"\uc74c\uc545", "sb_prof":""},
 {"sb_code":"S008", "sb_name":"\ubbf8\uc220", "sb_prof":""},
 {"sb_code":"S009", "sb_name":"\ud55c\uad6d\uc0ac", "sb_prof":""},
 {"sb_code":"S010", "sb_name":"\ud55c\uad6d\uc9c0\ub9ac", "sb_prof":""},
 {"sb_code":"S011", "sb_name":"\ubb3c\ub9ac\ud559", "sb_prof":""},
 {"sb_code":"S012", "sb_name":"\uc0dd\ubb3c\ud559", "sb_prof":""},
 {"sb_code":"S013", "sb_name":"\ud654\ud559", "sb_prof":""},
 {"sb_code":"S014", "sb_name":"\uc9c0\uad6c\uacfc\ud559", "sb_prof":""},
 {"sb_code":"S015", "sb_name":"\uc138\uacc4\uc0ac", "sb_prof":""},
 {"sb_code":"S016", "sb_name":"\uc138\uacc4\uc9c0\ub9ac", "sb_prof":""},
 {"sb_code":"S017", "sb_name":"\ud55c\ubb38", "sb_prof":""},
 {"sb_code":"S018", "sb_name":"\uae30\uc220", "sb_prof":""},
 {"sb_code":"S019", "sb_name":"\uac00\uc815", "sb_prof":""},
 {"sb_code":"\uacfc\ubaa9\ucf54\ub4dc", "sb_name":"\uacfc\ubaa9\uba85", "sb_prof":""}]