[{"cp_code":"C0001", "cp_title":"GilBut", "cp_ceo":"Hong", "cp_tel":"010-111", "cp_addr":"", "cp_genre":""},
 {"cp_code":"C0002", "cp_title":"GilBut", "cp_ceo":"Hong", "cp_tel":"", "cp_addr":"", "cp_genre":""},
 {"cp_code":"C0003", "cp_title":"GilBut", "cp_ceo":"Hong", "cp_tel":"010-111", "cp_addr":"", "cp_genre":""},
 {"cp_code":"C0004", "cp_title":"Angle Books", "cp_ceo":"\uacbd\uc2dc\ud604", "cp_tel":"010-5736-9613", "cp_addr":"\uc11c\uc6b8\uc2dc \uad6c\ub85c\uad6c \uad6c\ub85c\ub3d9 3-35\ubc88\uc9c0", "cp_genre":""},
 {"cp_code":"C0005", "cp_title":"any class", "cp_ceo":"\uacf5\ub3d9\uc601", "cp_tel":"010-6434-2330", "cp_addr":"\uac15\uc6d0\ub3c4 \ub3d9\ud574\uc2dc \ucc9c\uace1\ub3d9 1077-3", "cp_genre":""},
 {"cp_code":"C0006", "cp_title":"arte", "cp_ceo":"\uae30\ub300\uc5f0", "cp_tel":"010-9070-7117", "cp_addr":"\ub300\uad6c \uc218\uc131\uad6c \uc218\uc1313\uac00 322-1\ubc88\uc9c0", "cp_genre":""},
 {"cp_code":"C0007", "cp_title":"B612\ubd81\uc2a4", "cp_ceo":"\uae30\uc6d0\ud638", "cp_tel":"010-2257-5452", "cp_addr":"\uc6b8\uc0b0\uc2dc \uc6b8\uc8fc\uad70 \uc11c\uc0dd\uba74 \uac04\uc808\uacf6\ud574\uc548\uae38 205", "cp_genre":""},
 {"cp_code":"C0008", "cp_title":"BM\uc131\uc548\ubd81\uc2a4", "cp_ceo":"\uae30\uc740\uc131", "cp_tel":"010-3686-0282", "cp_addr":"\uac70\uc81c\uc2dc \uc7a5\uc2b9\ud3ec\ub3d9 702-4", "cp_genre":""},
 {"cp_code":"C0009", "cp_title":"BM\ud669\uae08\ubd80\uc5c9\uc774", "cp_ceo":"\ub098\ud55c\uc728", "cp_tel":"010-4853-5438", "cp_addr":"\uacbd\uae30\ub3c4 \uc774\ucc9c\uc2dc \ucc3d\uc804\ub3d9 166-13\ubc88\uc9c0", "cp_genre":""},
 {"cp_code":"C0010", "cp_title":"Book Star", "cp_ceo":"\ub0a8\ub3d9\uc608", "cp_tel":"010-6212-1066", "cp_addr":"\uacbd\ub0a8 \ubc00\uc591\uc2dc \ub0b4\uc77c\ub3d9 649-7", "cp_genre":""},
 {"cp_code":"C0011", "cp_title":"bookLab", "cp_ceo":"\ub0ad\uc2dc\uc6b0", "cp_tel":"010-6673-4105", "cp_addr":"\uacbd\uae30\ub3c4 \ud30c\uc8fc\uc2dc \ubb38\uc0b0\uc74d \ubb38\uc0b0\ub9ac 61-35\ubc88\uc9c0", "cp_genre":""},
 {"cp_code":"C0012", "cp_title":"CABINET", "cp_ceo":"\ub0b4\uc138\uc6d0", "cp_tel":"010-1977-4425", "cp_addr":"\ucda9\ubd81 \uc99d\ud3c9\uad70 \uc99d\ud3c9\uc74d \ucc3d\ub3d9\ub9ac 65\ubc88\uc9c0", "cp_genre":""},
 {"cp_code":"C0013", "cp_title":"Denstory", "cp_ceo":"\ub1cc\uc131\uc218", "cp_tel":"010-1758-0839", "cp_addr":"\uc81c\uc8fc\uc2dc \uc5f0\ub3d9 1482\ubc88\uc9c0", "cp_genre":""},
 {"cp_code":"C0014", "cp_title":"Digital Books", "cp_ceo":"\ub2e8\uc218\ud601", "cp_tel":"010-8055-2859", "cp_addr":"\uc6b8\uc0b0\uc2dc \ub0a8\uad6c \uc625\ub3d9 143-12", "cp_genre":""},
 {"cp_code":"C0015", "cp_title":"DSbooks", "cp_ceo":"\ub2f4\uc131\ubbfc", "cp_tel":"010-7270-5520", "cp_addr":"\uac15\uc6d0\ub3c4 \uc18d\ucd08\uc2dc \uc911\uc559\ub85c 150-1", "cp_genre":""},
 {"cp_code":"C0016", "cp_title":"eduway", "cp_ceo":"\ub2f4\uc6d0\uc900", "cp_tel":"010-6676-6428", "cp_addr":"\uc804\ub0a8 \ub098\uc8fc\uc2dc \ub300\ud638\ub3d9 1029-2", "cp_genre":""},
 {"cp_code":"C0017", "cp_title":"e\ube44\uc988\ubd81\uc2a4", "cp_ceo":"\ub2f4\uc7a5\ud638", "cp_tel":"010-4044-2363", "cp_addr":"\uacbd\ubd81 \uad6c\ubbf8\uc2dc \uc625\uacc4\ub3d9 840\ubc88\uc9c0", "cp_genre":""},
 {"cp_code":"C0018", "cp_title":"Garth laboratory", "cp_ceo":"\ub3c5\uace0\uc608\uc900", "cp_tel":"010-1048-2234", "cp_addr":"\uacbd\uae30\ub3c4 \uc774\ucc9c\uc2dc \uc2e0\ub454\uba74 \uc6a9\uba74\ub9ac 120\ubc88\uc9c0", "cp_genre":""},
 {"cp_code":"C0019", "cp_title":"J&jj", "cp_ceo":"\ub3c8\uc1a1\ud601", "cp_tel":"010-9137-9014", "cp_addr":"\ucda9\ubd81 \ucda9\uc8fc\uc2dc \uac00\uae08\uba74 \uc6a9\uc804\ub9ac 92\ubc88\uc9c0", "cp_genre":""},
 {"cp_code":"C0020", "cp_title":"mal.lang", "cp_ceo":"\ub3c8\uc7ac\ud604", "cp_tel":"010-1222-4497", "cp_addr":"\uc81c\uc8fc\ud2b9\ubcc4\uc790\uce58\ub3c4 \uc11c\uadc0\ud3ec\uc2dc \ub300\uc815\uc74d \uc0c1\ubaa8\ub9ac 133-8 \ubc88\uc9c0", "cp_genre":""},
 {"cp_code":"C0021", "cp_title":"Raon Book", "cp_ceo":"\ub450\ub3d9\ud658", "cp_tel":"010-3069-4123", "cp_addr":"\uacbd\uae30\ub3c4 \ud30c\uc8fc\uc2dc \uae08\ucd0c\ub3d9 987-6\ubc88\uc9c0", "cp_genre":""},
 {"cp_code":"C0022", "cp_title":"Raonbook", "cp_ceo":"\ub450\ucc44\ud6c8", "cp_tel":"010-2525-4657", "cp_addr":"\uc81c\uc8fc\ud2b9\ubcc4\uc790\uce58\ub3c4 \uc11c\uadc0\ud3ec\uc2dc \ub300\uc815\uc74d \uc0c1\ubaa8\ub9ac 133 \ubc88\uc9c0", "cp_genre":""},
 {"cp_code":"C0023", "cp_title":"RHK", "cp_ceo":"\uba85\uc724\uc77c", "cp_tel":"010-3569-2431", "cp_addr":"\uc11c\uc6b8\uc2dc \uac15\uc11c\uad6c \ud654\uace1\ub3d9 1006-9", "cp_genre":""},
 {"cp_code":"C0024", "cp_title":"Ritec Contents", "cp_ceo":"\ubaa8\uc7ac\uc6d0", "cp_tel":"010-2953-3938", "cp_addr":"\uc11c\uc6b8\uc2dc \uac15\uc11c\uad6c \uac00\uc591\ub3d9 1479-9", "cp_genre":""},
 {"cp_code":"C0025", "cp_title":"SB", "cp_ceo":"\ubb38\uc740\uc9c4", "cp_tel":"010-9814-9350", "cp_addr":"\uc778\ucc9c\uc2dc \uc11c\uad6c \uac80\uc554\ub3d9 606-7", "cp_genre":""},
 {"cp_code":"C0026", "cp_title":"snowfox", "cp_ceo":"\ubc15\uc218\ud601", "cp_tel":"010-3961-1701", "cp_addr":"\uacbd\uae30\ub3c4 \ud654\uc131\uc2dc \ub2a5\ub3d9 445-2", "cp_genre":""},
 {"cp_code":"C0027", "cp_title":"SOULHOUSE", "cp_ceo":"\ubc29\uc724\ud6c4", "cp_tel":"010-1391-4001", "cp_addr":"\uacbd\uae30\ub3c4 \uace0\uc591\uc2dc \uc77c\uc0b0\ub3d9\uad6c \uc7a5\ud56d\ub3d9 86", "cp_genre":""},
 {"cp_code":"C0028", "cp_title":"VB", "cp_ceo":"\ubc29\ucc44\ud638", "cp_tel":"010-3597-0541", "cp_addr":"\uc11c\uc6b8\uc2dc \uad00\uc545\uad6c \uc2e0\ub9bc\ub3d9 1640-3", "cp_genre":""},
 {"cp_code":"C0029", "cp_title":"Weekly Biz Books", "cp_ceo":"\ubc30\uc138\uc900", "cp_tel":"010-5096-7388", "cp_addr":"\uacbd\uae30\ub3c4 \uc591\ud3c9\uad70 \uc591\ud3c9\uc74d \uc591\uadfc\ub9ac 201-15", "cp_genre":""},
 {"cp_code":"C0030", "cp_title":"whale books", "cp_ceo":"\ubc30\ucc44\ud638", "cp_tel":"010-8324-2258", "cp_addr":"\ub300\uad6c\uc2dc \ub3d9\uad6c \uc728\ud558\ub3d9 1223", "cp_genre":""},
 {"cp_code":"C0031", "cp_title":"Winner's book", "cp_ceo":"\ubcc0\uc7ac\ud638", "cp_tel":"010-7748-5382", "cp_addr":"\uc804\ubd81 \ubd80\uc548\uad70 \ubcc0\uc0b0\uba74 \uaca9\ud3ec\ub9ac 290-1", "cp_genre":""},
 {"cp_code":"C0032", "cp_title":"\uac08\ub9e4\ub098\ubb34", "cp_ceo":"\ubcf5\uc7ac\ubbfc", "cp_tel":"010-8292-1608", "cp_addr":"\uac15\uc6d0\ub3c4 \uc6d0\uc8fc\uc2dc \ud589\uad6c\ub3d9 1847-3", "cp_genre":""},
 {"cp_code":"C0033", "cp_title":"\uac15", "cp_ceo":"\ubcf5\uc900\uc644", "cp_tel":"010-2068-9180", "cp_addr":"\ucda9\ub0a8 \uc544\uc0b0\uc2dc \ubc30\ubc29\uc74d \ubcf5\uc218\ub9ac 1019", "cp_genre":""},
 {"cp_code":"C0034", "cp_title":"\uac24\ub9ac\uc628", "cp_ceo":"\ube44\ud604\ud638", "cp_tel":"010-7126-2770", "cp_addr":"\uc6b8\uc0b0\uc2dc \ub3d9\uad6c \uc11c\ubd80\ub3d9 113-48", "cp_genre":""},
 {"cp_code":"C0035", "cp_title":"\uac77\ub294\ub098\ubb34", "cp_ceo":"\ube48\uc131\ud76c", "cp_tel":"010-9809-5693", "cp_addr":"\uacbd\uae30\ub3c4 \ud654\uc131\uc2dc \ubd09\ub2f4\uc74d \ub3d9\ud654\ub9ac 113-1\ubc88\uc9c0", "cp_genre":""},
 {"cp_code":"C0036", "cp_title":"\uacbd\uc778\uc5e0\uc564\ube44", "cp_ceo":"\uc0ac\uc131\uc900", "cp_tel":"010-8788-6192", "cp_addr":"\uacbd\ub0a8 \ucc3d\uc6d0\uc2dc \ub300\ubc29\ub3d9 \uc790\uc591\ub85c 136", "cp_genre":""},
 {"cp_code":"C0037", "cp_title":"\uacbd\ud5a5BP", "cp_ceo":"\uc0ac\uc6d0\ud601", "cp_tel":"010-2691-2323", "cp_addr":"\uc11c\uc6b8\uc2dc \ub3c4\ubd09\uad6c \uc30d\ubb38\ub3d9 45-8", "cp_genre":""},
 {"cp_code":"C0038", "cp_title":"\uacbd\ud5a5\ubbf8\ub514\uc5b4", "cp_ceo":"\uc0ac\uc6d0\ud638", "cp_tel":"010-2610-8201", "cp_addr":"\uacbd\ub0a8 \ucc3d\uc6d0\uc2dc \uc9c4\ud574\uad6c \uc774\ub3d9 464-2\ubc88\uc9c0", "cp_genre":""},
 {"cp_code":"C0039", "cp_title":"\uace0\uc988\ub109\uc774\uc5d4\ud2f0", "cp_ceo":"\uc0bc\uc724\ud6c4", "cp_tel":"010-5403-8749", "cp_addr":"\uc778\ucc9c\uc2dc \uc5f0\uc218\uad6c \ub3d9\ucd98\ub3d9 926\ubc88\uc9c0", "cp_genre":""},
 {"cp_code":"C0040", "cp_title":"\uace8\ud504\uc544\uce74\ub370\ubbf8", "cp_ceo":"\uc0bc\ucc2c\ud6c4", "cp_tel":"010-9915-1295", "cp_addr":"\uacbd\ubd81 \uacbd\uc8fc\uc2dc \uc131\uac74\ub3d9 684-9\ubc88\uc9c0", "cp_genre":""},
 {"cp_code":"C0041", "cp_title":"\uad50\uc591\uc778", "cp_ceo":"\uc11d\uc11c\ud6c8", "cp_tel":"010-1828-6106", "cp_addr":"\uc804\ub0a8 \uad6c\ub840\uad70 \uc0b0\ub3d9\uba74 \uc88c\uc0ac\ub9ac 110-1", "cp_genre":""},
 {"cp_code":"C0042", "cp_title":"\uad6c\uc554", "cp_ceo":"\uc131\uc131\uc728", "cp_tel":"010-8808-8856", "cp_addr":"\uc11c\uc6b8\uc2dc \uac15\ubd81\uad6c \ubbf8\uc544\ub3d9 838-4\ubc88\uc9c0", "cp_genre":""},
 {"cp_code":"C0043", "cp_title":"\uaddc\uc7a5", "cp_ceo":"\uc18c\ub300\uad8c", "cp_tel":"010-8598-1898", "cp_addr":"\uacbd\uae30\ub3c4 \uc131\ub0a8\uc2dc \ubd84\ub2f9\uad6c \uc0bc\ud3c9\ub3d9 741", "cp_genre":""},
 {"cp_code":"C0044", "cp_title":"\uadf8\ub798\ube44\ud2f0\ubd81\uc2a4", "cp_ceo":"\uc18c\uc724\uc218", "cp_tel":"010-1236-0704", "cp_addr":"\uacbd\ub0a8 \uae40\ud574\uc2dc \uc7a5\uc720\uba74 \uad00\ub3d9\ub9ac 1101-1\ubc88\uc9c0", "cp_genre":""},
 {"cp_code":"C0045", "cp_title":"\uadf8\ub9ac\uace0\ucc45", "cp_ceo":"\uc21c\ub300\uc601", "cp_tel":"010-4890-4690", "cp_addr":"\uacbd\uae30\ub3c4 \uacfc\ucc9c\uc2dc \ub9c9\uacc4\ub3d9 33", "cp_genre":""},
 {"cp_code":"C0046", "cp_title":"\uadf8\ucc45", "cp_ceo":"\uc2e0\ucc2c\uc601", "cp_tel":"010-1612-0506", "cp_addr":"\ucda9\ub0a8 \uc544\uc0b0\uc2dc \ubc30\ubc29\uc74d \uc7a5\ub798\ub9ac 1760 ", "cp_genre":""},
 {"cp_code":"C0047", "cp_title":"\uae00\ub204\ub9bc", "cp_ceo":"\uc2ec\uc7a5\ud638", "cp_tel":"010-3004-0855", "cp_addr":"\uad11\uc8fc\uc2dc \uc11c\uad6c \uce58\ud3c9\ub3d9 1223-3", "cp_genre":""},
 {"cp_code":"C0048", "cp_title":"\uae00\ub2f4", "cp_ceo":"\uc544\ub3d9\uc740", "cp_tel":"010-9257-0554", "cp_addr":"\uacbd\uae30\ub3c4 \ud30c\uc8fc\uc2dc \ub3d9\ud328\ub3d9 56", "cp_genre":""},
 {"cp_code":"C0049", "cp_title":"\uae00\ud56d\uc544\ub9ac", "cp_ceo":"\uc57c\uc720\uc2e0", "cp_tel":"010-8589-5342", "cp_addr":"\uacbd\uae30\ub3c4 \uc77c\uc0b0\uc2dc \uc11c\uad6c \ub300\ud654\ub3d9 2606", "cp_genre":""},
 {"cp_code":"C0050", "cp_title":"\uae38\ubc97", "cp_ceo":"\uc591\ub3d9\uc778", "cp_tel":"010-8272-8973", "cp_addr":"\uad11\uc8fc\uc2dc \ub0a8\uad6c \uc9c4\uc6d4\ub3d9 259\ubc88\uc9c0", "cp_genre":""},
 {"cp_code":"C0051", "cp_title":"\uae38\ubc97\uc774\uc9c0\ud1a1", "cp_ceo":"\uc591\uc740\uc131", "cp_tel":"010-3521-7780", "cp_addr":"\ubd80\uc0b0\uc2dc \ub3d9\ub798\uad6c \uba85\ub95c\ub3d9 569-12", "cp_genre":""},
 {"cp_code":"C0052", "cp_title":"\uae38\ud37c\ube14\ub9ac\uc2f1\ucef4\ud37c\ub2c8", "cp_ceo":"\uc5b4\ubbfc\uae30", "cp_tel":"010-2599-4110", "cp_addr":"\uc804\ubd81 \uae40\uc81c\uc2dc \uac80\uc0b0\ub3d9 844", "cp_genre":""},
 {"cp_code":"C0053", "cp_title":"\uae4c\uce58\uae00\ubc29", "cp_ceo":"\uc5c4\uc740\uc9c4", "cp_tel":"010-2008-9468", "cp_addr":"\uacbd\uae30\ub3c4 \uc6a9\uc778\uc2dc \ucc98\uc778\uad6c \uae40\ub7c9\uc7a5\ub3d9 23-1\ubc88\uc9c0", "cp_genre":""},
 {"cp_code":"C0054", "cp_title":"\uafc8\uafb8\ub294\uc9c0\uad6c", "cp_ceo":"\uc5ec\ub3d9\uc740", "cp_tel":"010-3810-0402", "cp_addr":"\ucda9\ub0a8 \ucc9c\uc548\uc2dc \uc11d\ubd81\uad6c \ubc31\uc11d\ub3d9 878\ubc88\uc9c0", "cp_genre":""},
 {"cp_code":"C0055", "cp_title":"\uafc8\uafbc\ubb38\uace0", "cp_ceo":"\uc5ec\ubbfc\uad6d", "cp_tel":"010-9263-0275", "cp_addr":"\uacbd\uae30\ub3c4 \uc218\uc6d0\uc2dc \uad8c\uc120\uad6c \uae08\uace1\ub3d9 572-5", "cp_genre":""},
 {"cp_code":"C0056", "cp_title":"\uafc8\uc758\uc9c0\ub3c4", "cp_ceo":"\uc5f0\uc5f0\uc7ac", "cp_tel":"010-5183-5994", "cp_addr":"\uc11c\uc6b8\uc2dc \uc601\ub4f1\ud3ec\uad6c \uc5ec\uc758\ub3c4\ub3d9 23\ubc88\uc9c0", "cp_genre":""},
 {"cp_code":"C0057", "cp_title":"\ub098\ub77c\uc6d0", "cp_ceo":"\uc625\uc6d0\uc900", "cp_tel":"010-3673-8542", "cp_addr":"\uac15\uc6d0\ub3c4 \uc6d0\uc8fc\uc2dc \ubb38\ub9c9\uc74d \ub3d9\ud654\ub9ac 113\ubc88\uc9c0", "cp_genre":""},
 {"cp_code":"C0058", "cp_title":"\ub098\ubb34[\uc218", "cp_ceo":"\uc625\ucc44\ud6c8", "cp_tel":"010-1849-4596", "cp_addr":"\uc11c\uc6b8\uc2dc \uad11\uc9c4\uad6c \uad6c\uc758\ub3d9 611\ubc88\uc9c0", "cp_genre":""},
 {"cp_code":"C0059", "cp_title":"\ub098\ubb34\ub97c\uc2ec\ub294\uc0ac\ub78c\ub4e4", "cp_ceo":"\uc639\ud6a8\uc131", "cp_tel":"010-1601-6251", "cp_addr":"\ucda9\ub0a8 \uacf5\uc8fc\uc2dc \uc911\ub3d9 67-3\ubc88\uc9c0", "cp_genre":""},
 {"cp_code":"C0060", "cp_title":"\ub098\ubb34\uc606\uc758\uc790", "cp_ceo":"\uc6b4\uc724\ud0dc", "cp_tel":"010-5593-0417", "cp_addr":"\uc778\ucc9c\uc2dc \uc11c\uad6c \ub9c8\uc804\ub3d9 621-5", "cp_genre":""},
 {"cp_code":"C0061", "cp_title":"\ub098\ubb34\uc790\uc804\uac70", "cp_ceo":"\uc6d0\uc131\ube48", "cp_tel":"010-1417-1851", "cp_addr":"\uc6b8\uc0b0\uc2dc \ub3d9\uad6c \uc11c\ubd80\ub3d9 315-34", "cp_genre":""},
 {"cp_code":"C0062", "cp_title":"\ub098\ube44\uc758\ud65c\uc8fc\ub85c", "cp_ceo":"\uc720\ubbfc\uad6d", "cp_tel":"010-6349-8862", "cp_addr":"\uacbd\uae30\ub3c4 \uc218\uc6d0\uc2dc \ucc9c\ucc9c\ub3d9 528-1", "cp_genre":""},
 {"cp_code":"C0063", "cp_title":"\ub09c\ub2e4", "cp_ceo":"\uc720\uc131\uc728", "cp_tel":"010-7325-4835", "cp_addr":"\ucda9\ub0a8 \uacf5\uc8fc\uc2dc \uc2e0\uad00\ub3d9 191-7\ubc88\uc9c0", "cp_genre":""},
 {"cp_code":"C0064", "cp_title":"\ub125\uc11c\uc2a4", "cp_ceo":"\uc720\uc900\ud638", "cp_tel":"010-6636-1298", "cp_addr":"\uacbd\uae30\ub3c4 \uc548\uc0b0\uc2dc \uc0c1\ub85d\uad6c \ubcf8\uc624\ub3d9 874-11", "cp_genre":""},
 {"cp_code":"C0065", "cp_title":"\ub125\uc11c\uc2a4Books", "cp_ceo":"\uc740\ucc44\ud601", "cp_tel":"010-2758-8380", "cp_addr":"\ucda9\ub0a8 \uc544\uc0b0\uc2dc \ud0d5\uc815\uba74 \uba85\uc554\ub9ac 931-1", "cp_genre":""},
 {"cp_code":"C0066", "cp_title":"\ub125\uc2a4\uc6cd", "cp_ceo":"\uc740\ud604\uc900", "cp_tel":"010-7749-8973", "cp_addr":"\ub300\uc804\uc2dc \uc11c\uad6c \ub3c4\uc548\ub3d9 963\ubc88\uc9c0", "cp_genre":""},
 {"cp_code":"C0067", "cp_title":"\ub180", "cp_ceo":"\uc774\uc724\uc9c4", "cp_tel":"010-5592-2828", "cp_addr":"\uc804\ub0a8 \uc5ec\uc218\uc2dc \uc885\ud654\ub3d9 470", "cp_genre":""},
 {"cp_code":"C0068", "cp_title":"\ub2e4\ub2e4\ub9ac\ub354\uc2a4", "cp_ceo":"\uc804\ub3d9\uc6d0", "cp_tel":"010-8386-0199", "cp_addr":"\uc778\ucc9c\uc2dc \uc1a1\ub3c4 \ucee4\ub12c\uc6cc\ud06c 3\ub3d9", "cp_genre":""},
 {"cp_code":"C0069", "cp_title":"\ub2e4\ub978\uc0c1\uc0c1", "cp_ceo":"\uc810\uc7ac\ubbfc", "cp_tel":"010-5744-1505", "cp_addr":"\uc6b8\uc0b0\uc2dc \uc911\uad6c \ud0dc\ud654\ub3d9 593-17", "cp_genre":""},
 {"cp_code":"C0070", "cp_title":"\ub2e4\uc0b03.0", "cp_ceo":"\uc81c\uac08\ub3d9\uc5f0", "cp_tel":"010-8624-3574", "cp_addr":"\uacbd\uae30\ub3c4 \uace0\uc591\uc2dc \uc77c\uc0b0\uad6c \uc8fc\uc5fd2\ub3d9 22\ubc88\uc9c0", "cp_genre":""},
 {"cp_code":"C0071", "cp_title":"\ub2e4\uc0b04.0", "cp_ceo":"\uc81c\ub3d9\ud76c", "cp_tel":"010-1419-1208", "cp_addr":"\uacbd\uae30\ub3c4 \uc6a9\uc778\uc2dc \uae30\ud765\uad6c \ubcf4\ub77c\ub3d9 579-2", "cp_genre":""},
 {"cp_code":"C0072", "cp_title":"\ub2e4\uc0b0\ubd81\uc2a4", "cp_ceo":"\uc81c\ubbfc\uae30", "cp_tel":"010-3888-8410", "cp_addr":"\ubd80\uc0b0\uc2dc \ud574\uc6b4\ub300\uad6c \uc88c\ub3d9 1270-5 103\ud638", "cp_genre":""},
 {"cp_code":"C0073", "cp_title":"\ub2e4\uc0b0\ucc45\ubc29", "cp_ceo":"\uc81c\uc601\ud6c4", "cp_tel":"010-8658-7187", "cp_addr":"\uacbd\ubd81 \uacbd\uc8fc\uc2dc \ucc9c\uad70\ub3d9 206-3", "cp_genre":""},
 {"cp_code":"C0074", "cp_title":"\ub2e4\uc0b0\ucd08\ub2f9", "cp_ceo":"\uc81c\uc720\uc0c1", "cp_tel":"010-5173-7003", "cp_addr":"\uacbd\uae30\ub3c4 \ub0a8\uc591\uc8fc\uc2dc \ubcc4\ub0b4\uba74 \ud654\uc810\ub9ac 58-65", "cp_genre":""},
 {"cp_code":"C0075", "cp_title":"\ub2e4\uc5f0", "cp_ceo":"\uc9c0\uc2b9\ud604", "cp_tel":"010-9434-4829", "cp_addr":"\ucda9\ub0a8 \ucc9c\uc548\uc2dc \ubd88\ub2f9\ub3d9 \uc544\uc0b0\uc2e0\ub3c4\uc2dc 222", "cp_genre":""},
 {"cp_code":"C0076", "cp_title":"\ub2e4\uc628\ubd81\uc2a4", "cp_ceo":"\uc9c4\ub300\uc6d0", "cp_tel":"010-5266-9628", "cp_addr":"\ubd80\uc0b0\uc2dc \uc5f0\uc81c\uad6c \uc5f0\uc0b0\ub3d9728-1\ubc88\uc9c0", "cp_genre":""},
 {"cp_code":"C0077", "cp_title":"\ub2e4\ucc28\uc6d0\ubd81\uc2a4", "cp_ceo":"\uc9c4\ub300\uc724", "cp_tel":"010-4950-5012", "cp_addr":"\uacbd\uae30\ub3c4 \uac00\ud3c9\uad70 \uccad\ud3c9\uba74 \ub300\uc131\ub9ac 399-103", "cp_genre":""},
 {"cp_code":"C0078", "cp_title":"\ub2ec", "cp_ceo":"\uc9c4\ub3d9\ud61c", "cp_tel":"010-3136-4230", "cp_addr":"\ub300\uc804\uc2dc \uc11c\uad6c \ub3c4\ub9c8\ub3d9 29-32\ubc88\uc9c0", "cp_genre":""},
 {"cp_code":"C0079", "cp_title":"\ub2f4\uc564\ubd81\uc2a4", "cp_ceo":"\uc9c4\uc2b9\uc6b0", "cp_tel":"010-4562-7081", "cp_addr":"\uc778\ucc9c\uc2dc \uacc4\uc591\uad6c \uc784\ud559\ub3d9 67-9", "cp_genre":""},
 {"cp_code":"C0080", "cp_title":"\ub354\ub09c", "cp_ceo":"\uc9c4\uc2b9\uc77c", "cp_tel":"010-7940-9108", "cp_addr":"\uacbd\uae30\ub3c4 \uc218\uc6d0\uc2dc \uc601\ud1b5\uad6c \uad11\uad50\uc2e0\ub3c4\uc2dc 2-51-1", "cp_genre":""},
 {"cp_code":"C0081", "cp_title":"\ub354\ubb38", "cp_ceo":"\uc9c4\uc2b9\ud658", "cp_tel":"010-5139-0982", "cp_addr":"\uc778\ucc9c\uc2dc \uc5f0\uc218\uad6c \uc120\ud559\ub3d9 406-5\ubc88\uc9c0", "cp_genre":""},
 {"cp_code":"C0082", "cp_title":"\ub354\ube14\ubd81\ucf54\ub9ac\uc544", "cp_ceo":"\ucd08\uc2dc\ubbfc", "cp_tel":"010-2151-2533", "cp_addr":"\uc11c\uc6b8\uc2dc \ub3d9\ub300\ubb38\uad6c \uc804\ub18d\ub3d9 30-3", "cp_genre":""},
 {"cp_code":"C0083", "cp_title":"\ub354\uc232", "cp_ceo":"\ucd08\uc6d0\ud601", "cp_tel":"010-2089-6504", "cp_addr":"\uad11\uc8fc\uc2dc \ubd81\uad6c \uc6b4\uc554\ub3d91044-2\ubc88\uc9c0", "cp_genre":""},
 {"cp_code":"C0084", "cp_title":"\ub354\ud018\uc2a4\ud2b8", "cp_ceo":"\ucd08\uc7ac\ud604", "cp_tel":"010-4988-2458", "cp_addr":"\uad11\uc8fc\uc2dc \uc11c\uad6c \uae08\ud638\ub3d9 762-5\ubc88\uc9c0", "cp_genre":""},
 {"cp_code":"C0085", "cp_title":"\ub3c4\ud654", "cp_ceo":"\ucd5c\uc7a5\ud604", "cp_tel":"010-1925-2251", "cp_addr":"\uacbd\ubd81 \uacbd\uc8fc\uc2dc \ubd81\uad70\ub3d9 57-24", "cp_genre":""},
 {"cp_code":"C0086", "cp_title":"\ub3d9\uc591\ubd81\uc2a4", "cp_ceo":"\ucd98\ub300\uad8c", "cp_tel":"010-7190-6693", "cp_addr":"\ucda9\ub0a8 \ubd80\uc5ec\uad70 \ubd80\uc5ec\uc74d \uad6c\uc544\ub9ac 96-4", "cp_genre":""},
 {"cp_code":"C0087", "cp_title":"\ub3d9\uc778\ub791", "cp_ceo":"\ucd98\uc778\uaddc", "cp_tel":"010-1264-5051", "cp_addr":"\uacbd\ub0a8 \uc9c4\uc8fc\uc2dc \uc0c1\ub300\ub3d9 300-59\ubc88\uc9c0", "cp_genre":""},
 {"cp_code":"C0088", "cp_title":"\ub450\ub780\ub178\uc11c\uc6d0", "cp_ceo":"\ucd98\ucc2c\uc601", "cp_tel":"010-9822-3260", "cp_addr":"\uc6b8\uc0b0\uc2dc \uc911\uad6c \uc625\uad50\ub3d9 95", "cp_genre":""},
 {"cp_code":"C0089", "cp_title":"\ub514\uc2a4\ucee4\ubc84\ub9ac\ubbf8\ub514\uc5b4", "cp_ceo":"\ud310\ud55c\uc218", "cp_tel":"010-5837-8755", "cp_addr":"\uc11c\uc6b8\uc2dc \uc885\ub85c\uad6c \uad00\ucca0\ub3d9 5-13 1\uce35", "cp_genre":""},
 {"cp_code":"C0090", "cp_title":"\ub514\uc790\uc778\ud558\uc6b0\uc2a4", "cp_ceo":"\ud3c9\uc724\uc12d", "cp_tel":"010-5514-7816", "cp_addr":"\uc778\ucc9c\uc2dc \uc5f0\uc218\uad6c \ub3d9\ucd98\ub3d9 937-3\ubc88\uc9c0", "cp_genre":""},
 {"cp_code":"C0091", "cp_title":"\ub514\uc9c0\ud138\ubd81\uc2a4", "cp_ceo":"\ud48d\ub3d9\ud574", "cp_tel":"010-4458-7868", "cp_addr":"\uc11c\uc6b8\uc2dc \uc911\uad6c \uc2e0\ub2f9\ub3d9 140-10 1\uce35", "cp_genre":""},
 {"cp_code":"C0092", "cp_title":"\ub728\uc778\ub3cc", "cp_ceo":"\ud53c\ud0dc\uc601", "cp_tel":"010-8282-7331", "cp_addr":"\uacbd\uae30\ub3c4 \ubd80\ucc9c \uc6d0\ubbf8\uad6c \uc0c1\ub3d9 539-1 4\uce35", "cp_genre":""},
 {"cp_code":"C0093", "cp_title":"\ub77c\uc628\ubd81", "cp_ceo":"\ud544\uc601\ud6c4", "cp_tel":"010-9278-5758", "cp_addr":"\uc11c\uc6b8\uc2dc \uc11c\ub300\ubb38\uad6c \uc131\uc0b0\ub85c 250\ubc88\uc9c0", "cp_genre":""},
 {"cp_code":"C0094", "cp_title":"\ub77c\uc758\ub208", "cp_ceo":"\ud558\uc7ac\ucc2c", "cp_tel":"010-8076-4765", "cp_addr":"\ub300\uad6c\uc2dc \ub2ec\uc11c\uad6c \uac10\uc0bc\ub3d9 452-3", "cp_genre":""},
 {"cp_code":"C0095", "cp_title":"\ub77c\uc774\ud305\ud558\uc6b0\uc2a4", "cp_ceo":"\ud568\ubbfc\uc11c", "cp_tel":"010-9639-9435", "cp_addr":"\uacbd\uae30\ub3c4 \uc218\uc6d0\uc2dc \uc601\ud1b5\uad6c \uad11\uad50\uc2e0\ub3c4\uc2dc 13", "cp_genre":""},
 {"cp_code":"C0096", "cp_title":"\ub77c\uc988\ubca0\ub9ac", "cp_ceo":"\ud574\uc1a1\ud601", "cp_tel":"010-8869-8271", "cp_addr":"\uc804\ub0a8 \ubaa9\ud3ec\uc2dc \uc6a9\ub2f9\ub3d9 1088-8", "cp_genre":""},
 {"cp_code":"C0097", "cp_title":"\ub79c\ub4dc\ud504\ub85c", "cp_ceo":"\ud5c8\uc2dc\ud6c4", "cp_tel":"010-8937-9958", "cp_addr":"\uacbd\ub0a8 \uac70\ucc3d\uad70 \uac70\ucc3d\uc74d \uc0c1\ub9bc\ub9ac 825\ubc88\uc9c0", "cp_genre":""},
 {"cp_code":"C0098", "cp_title":"\ub808\uc2dc\ud53c\ud329\ud1a0\ub9ac", "cp_ceo":"\ud669\uc6d0\ud601", "cp_tel":"010-5606-8146", "cp_addr":"\uc6b8\uc0b0\uc2dc \ub0a8\uad6c \ub2ec\ub3d9 130-3\ubc88\uc9c0", "cp_genre":""},
 {"cp_code":"C0099", "cp_title":"\ub81b\uce20book", "cp_ceo":"\ud765\ub3d9\ud604", "cp_tel":"010-7885-1133", "cp_addr":"\uc11c\uc6b8\uc2dc \uc591\ucc9c\uad6c \uc2e0\uc815\ub3d9 1183-9", "cp_genre":""},
 {"cp_code":"C0100", "cp_title":"\ub85c\ud06c\ubbf8\ub514\uc5b4", "cp_ceo":"\ud765\uc740\uc131", "cp_tel":"010-7039-5289", "cp_addr":"\uacbd\ubd81 \uad6c\ubbf8\uc2dc \ubd09\uace1\ub3d9 204-1", "cp_genre":""}]