[{"au_code":"A0001", "au_name":"\uae40\ubcf4\uc724", "au_tel":"010-6212-1066", "au_addr":"\uacbd\ub0a8 \ubc00\uc591\uc2dc \ub0b4\uc77c\ub3d9 649-7", "au_genre":""},
 {"au_code":"A0002", "au_name":"\ubbf8\ud558\uc5d8 \ud558\ub974\ud2b8\ub9cc", "au_tel":"010-6673-4105", "au_addr":"\uacbd\uae30\ub3c4 \ud30c\uc8fc\uc2dc \ubb38\uc0b0\uc74d \ubb38\uc0b0\ub9ac 61-35\ubc88\uc9c0", "au_genre":""},
 {"au_code":"A0003", "au_name":"\uc774\uc694\uc149", "au_tel":"010-1977-4425", "au_addr":"\ucda9\ubd81 \uc99d\ud3c9\uad70 \uc99d\ud3c9\uc74d \ucc3d\ub3d9\ub9ac 65\ubc88\uc9c0", "au_genre":""},
 {"au_code":"A0004", "au_name":"\uc815\ubbfc\uc9c0", "au_tel":"010-1758-0839", "au_addr":"\uc81c\uc8fc\uc2dc \uc5f0\ub3d9 1482\ubc88\uc9c0", "au_genre":""},
 {"au_code":"A0005", "au_name":"\uae40\uc120\ub355", "au_tel":"010-8055-2859", "au_addr":"\uc6b8\uc0b0\uc2dc \ub0a8\uad6c \uc625\ub3d9 143-12", "au_genre":""},
 {"au_code":"A0006", "au_name":"\ub9ac\ucc98\ub4dc \uc1fc\ud2bc", "au_tel":"010-7270-5520", "au_addr":"\uac15\uc6d0\ub3c4 \uc18d\ucd08\uc2dc \uc911\uc559\ub85c 150-1", "au_genre":""},
 {"au_code":"A0007", "au_name":"\ubaa8\ub9ac \ub2e4\ucfe0\ub85c", "au_tel":"010-6676-6428", "au_addr":"\uc804\ub0a8 \ub098\uc8fc\uc2dc \ub300\ud638\ub3d9 1029-2", "au_genre":""},
 {"au_code":"A0008", "au_name":"\uc548\uc815\ud604(\ub9c8\uc74c\ub2ec)", "au_tel":"010-4044-2363", "au_addr":"\uacbd\ubd81 \uad6c\ubbf8\uc2dc \uc625\uacc4\ub3d9 840\ubc88\uc9c0", "au_genre":""},
 {"au_code":"A0009", "au_name":"\uc564\uc808\ub77c \ub354\ud06c\uc6cc\uc2a4", "au_tel":"010-1048-2234", "au_addr":"\uacbd\uae30\ub3c4 \uc774\ucc9c\uc2dc \uc2e0\ub454\uba74 \uc6a9\uba74\ub9ac 120\ubc88\uc9c0", "au_genre":""},
 {"au_code":"A0010", "au_name":"\ub178\uc9c0\uc591", "au_tel":"010-9137-9014", "au_addr":"\ucda9\ubd81 \ucda9\uc8fc\uc2dc \uac00\uae08\uba74 \uc6a9\uc804\ub9ac 92\ubc88\uc9c0", "au_genre":""},
 {"au_code":"A0011", "au_name":"\uc624\uce74\ub2e4 \ub2e4\uce74\uc2dc", "au_tel":"010-1222-4497", "au_addr":"\uc81c\uc8fc\ud2b9\ubcc4\uc790\uce58\ub3c4 \uc11c\uadc0\ud3ec\uc2dc \ub300\uc815\uc74d \uc0c1\ubaa8\ub9ac 133-8 \ubc88\uc9c0", "au_genre":""},
 {"au_code":"A0012", "au_name":"\ub85c\ub80c\uc2a4 \ubc88\uc2a4", "au_tel":"010-3069-4123", "au_addr":"\uacbd\uae30\ub3c4 \ud30c\uc8fc\uc2dc \uae08\ucd0c\ub3d9 987-6\ubc88\uc9c0", "au_genre":""},
 {"au_code":"A0013", "au_name":"\uc774\uc720\ubbf8", "au_tel":"010-2525-4657", "au_addr":"\uc81c\uc8fc\ud2b9\ubcc4\uc790\uce58\ub3c4 \uc11c\uadc0\ud3ec\uc2dc \ub300\uc815\uc74d \uc0c1\ubaa8\ub9ac 133 \ubc88\uc9c0", "au_genre":""},
 {"au_code":"A0014", "au_name":"\uc81c\uc784\uc2a4 \ud074\ub9ac\uc5b4", "au_tel":"010-3569-2431", "au_addr":"\uc11c\uc6b8\uc2dc \uac15\uc11c\uad6c \ud654\uace1\ub3d9 1006-9", "au_genre":""},
 {"au_code":"A0015", "au_name":"\ubbf8\ub9ac\uc554 \ud504\ub9ac\uc2a4", "au_tel":"010-2953-3938", "au_addr":"\uc11c\uc6b8\uc2dc \uac15\uc11c\uad6c \uac00\uc591\ub3d9 1479-9", "au_genre":""},
 {"au_code":"A0016", "au_name":"\ube0c\ub808\ub124 \ube0c\ub77c\uc6b4", "au_tel":"010-9814-9350", "au_addr":"\uc778\ucc9c\uc2dc \uc11c\uad6c \uac80\uc554\ub3d9 606-7", "au_genre":""},
 {"au_code":"A0017", "au_name":"\uc2a4\ud29c\ub514\uc624 \ub4dc\ub798\uace4", "au_tel":"010-3961-1701", "au_addr":"\uacbd\uae30\ub3c4 \ud654\uc131\uc2dc \ub2a5\ub3d9 445-2", "au_genre":""},
 {"au_code":"A0018", "au_name":"\uc2dc\ub85c\ud0c0 \ub9c8\ucf54\ud1a0", "au_tel":"010-1391-4001", "au_addr":"\uacbd\uae30\ub3c4 \uace0\uc591\uc2dc \uc77c\uc0b0\ub3d9\uad6c \uc7a5\ud56d\ub3d9 86", "au_genre":""},
 {"au_code":"A0019", "au_name":"\ud558\uc138\uac00\uc640 \uc694\uc2dc\uc57c", "au_tel":"010-3597-0541", "au_addr":"\uc11c\uc6b8\uc2dc \uad00\uc545\uad6c \uc2e0\ub9bc\ub3d9 1640-3", "au_genre":""},
 {"au_code":"A0020", "au_name":"\uae40\ubbfc\ud0dc", "au_tel":"010-5096-7388", "au_addr":"\uacbd\uae30\ub3c4 \uc591\ud3c9\uad70 \uc591\ud3c9\uc74d \uc591\uadfc\ub9ac 201-15", "au_genre":""},
 {"au_code":"A0021", "au_name":"\ub3c4\ubaa8\ub2e4 \uc544\ucf00\ubbf8", "au_tel":"010-8324-2258", "au_addr":"\ub300\uad6c\uc2dc \ub3d9\uad6c \uc728\ud558\ub3d9 1223", "au_genre":""},
 {"au_code":"A0022", "au_name":"\uc7a5\ub300\uc740", "au_tel":"010-7748-5382", "au_addr":"\uc804\ubd81 \ubd80\uc548\uad70 \ubcc0\uc0b0\uba74 \uaca9\ud3ec\ub9ac 290-1", "au_genre":""},
 {"au_code":"A0023", "au_name":"\ud558\uc6cc\ub4dc \ub9c9\uc2a4(Howard Marks)", "au_tel":"010-8292-1608", "au_addr":"\uac15\uc6d0\ub3c4 \uc6d0\uc8fc\uc2dc \ud589\uad6c\ub3d9 1847-3", "au_genre":""},
 {"au_code":"A0024", "au_name":"\uc774\uac15\uc5f0", "au_tel":"010-2068-9180", "au_addr":"\ucda9\ub0a8 \uc544\uc0b0\uc2dc \ubc30\ubc29\uc74d \ubcf5\uc218\ub9ac 1019", "au_genre":""},
 {"au_code":"A0025", "au_name":"\uc81c\ub7ec\ubbf8 \ud558\uc774\uba3c\uc988", "au_tel":"010-7126-2770", "au_addr":"\uc6b8\uc0b0\uc2dc \ub3d9\uad6c \uc11c\ubd80\ub3d9 113-48", "au_genre":""},
 {"au_code":"A0026", "au_name":"\uae40\uc120\ub355", "au_tel":"010-9809-5693", "au_addr":"\uacbd\uae30\ub3c4 \ud654\uc131\uc2dc \ubd09\ub2f4\uc74d \ub3d9\ud654\ub9ac 113-1\ubc88\uc9c0", "au_genre":""},
 {"au_code":"A0027", "au_name":"\ubc15\uc601\uc219", "au_tel":"010-8788-6192", "au_addr":"\uacbd\ub0a8 \ucc3d\uc6d0\uc2dc \ub300\ubc29\ub3d9 \uc790\uc591\ub85c 136", "au_genre":""},
 {"au_code":"A0028", "au_name":"\uc624\ub178\ucf54\ub85c \uc2e0\ud398\uc774", "au_tel":"010-2691-2323", "au_addr":"\uc11c\uc6b8\uc2dc \ub3c4\ubd09\uad6c \uc30d\ubb38\ub3d9 45-8", "au_genre":""},
 {"au_code":"A0029", "au_name":"\uc720\uadfc\uc6a9", "au_tel":"010-2610-8201", "au_addr":"\uacbd\ub0a8 \ucc3d\uc6d0\uc2dc \uc9c4\ud574\uad6c \uc774\ub3d9 464-2\ubc88\uc9c0", "au_genre":""},
 {"au_code":"A0030", "au_name":"\ud6c4\ub8e8\uce74\uc640 \ub2e4\ucf00\uc2dc", "au_tel":"010-5403-8749", "au_addr":"\uc778\ucc9c\uc2dc \uc5f0\uc218\uad6c \ub3d9\ucd98\ub3d9 926\ubc88\uc9c0", "au_genre":""},
 {"au_code":"A0031", "au_name":"\ud06c\ub9ac\uc2a4\ud1a0\ud37c \uc290\uac74", "au_tel":"010-9915-1295", "au_addr":"\uacbd\ubd81 \uacbd\uc8fc\uc2dc \uc131\uac74\ub3d9 684-9\ubc88\uc9c0", "au_genre":""},
 {"au_code":"A0032", "au_name":"\uc81c\ub86c \uae00\ub80c", "au_tel":"010-1828-6106", "au_addr":"\uc804\ub0a8 \uad6c\ub840\uad70 \uc0b0\ub3d9\uba74 \uc88c\uc0ac\ub9ac 110-1", "au_genre":""},
 {"au_code":"A0033", "au_name":"\ud5e8\ub9ac \ud300\uc2a4", "au_tel":"010-8808-8856", "au_addr":"\uc11c\uc6b8\uc2dc \uac15\ubd81\uad6c \ubbf8\uc544\ub3d9 838-4\ubc88\uc9c0", "au_genre":""},
 {"au_code":"A0034", "au_name":"\uae40\ucc44\uc1a1\ud654", "au_tel":"010-8598-1898", "au_addr":"\uacbd\uae30\ub3c4 \uc131\ub0a8\uc2dc \ubd84\ub2f9\uad6c \uc0bc\ud3c9\ub3d9 741", "au_genre":""}]